{
    "user":
                [
            {"name":"Siva",
            "location":"Bengaluru",
            "likes":64,
            "description": "Kick start your career",
            "PostImage": "10x.png",
            "date": "12/02/2022",
            "heart":"heart.jpg"
            },
            {"name":"Neeraj",
            "location":"Pune",
            "likes":890,
            "description": "Beautiful Big Sur",
            "PostImage": "bridge.jpg",
            "date": "15/05/2022",
            "heart":"heart.jpg"
            },
            {"name":"Rahul",
            "location":"Hyderabad",
            "likes":1230,
            "description": "Off To SwissRoll",
            "PostImage": "airline.jpeg",
            "date": "10/06/2022",
            "heart":"heart.jpg"
            }
            ]
}
